D,ZNZYZ,FZFZF,RKRKR,RXRNR,CNCFC,PDPDP,CPCFC,VLVNV,KFKFK,ZNZNZ,KCKPD,ZKZFZ,NRNZN,KXKRK,YPYZY,FKDKF,RPRPR,VRVKV,RFRPR,KVKVK,YKYVY,VDVDV,DVZVZ,YFYFY,ZYZYZ,VLVXV,DPXZX,RYRYR,PDPNP,KXKXK,ZYZYZ,VKVKV,YZYZY,NLNZN,ZNDYZ,PCPXP,ZVZFZ,RCRZR,LRLRL,ZDZDZ,RNRZR,CXCYC,RCRLR,FRFRF,XFXFX,RPRLR,YXYRY,FYFYF,YZYVY,YKYKY,XRXRX,XVXZX,PDPDP,ZFZFZ,PXPXP,LYLYL,NKNKD,ZNZNZ,PYPZP,XPXPX,VLVLV,PKPXP,FZFZF,LDLDL
U,ZVZFZ,FZFZF,RFRFR,NZNKN,FZFNF,RXRXR,KRKYK,NZNPN,XPXPX,CUCUC,RFRFR,VYVXV,VDVDV,ZKZRZ,XCXCX,CNCUC,RCRCR,ZPZXZ,FKFYF,ZFZYZ,PXPXP,URCKC,PCPCP,XNXNX,RCRZR,XVXVX,NRNRN,FPFPF,XVXFX,PRPRP,FYFCF,XUXFX,CYCVC,VDVKV,YCYCY,NKNLN,XPUKX,ZPZPZ,KRKRK,XKXKX,YUYVY,XKXFU,NFNFN,KDKDK,XYXKX,YZUZY,KFKVK,LYLYL,CXCDC,XZXNX,PXPXP,ZRZYZ,PUPYP,RNRNR,KDKDK,KNKNK,PRPKP,UNYNY,NYNYN,YXYXY,RDRDR,FCFCF,ZKZKZ,ZUZUZ
E,YZYZY,VFVNV,KYKYK,NKNKN,XVXNX,RERFR,XNXNX,NXNXN,ZLZNZ,CUCNC,FYFRF,ZLZLZ,YZYZY,CYCYC,VUVUV,PXPRP,YPYPY,CECEC,VNENV,KRKFK,XLXLE,RFRUR,XRXLX,NZNPN,XZXZX,FZFZF,PFPFP,YZYXY,KEKEK,CXCPC,VXVXV,NUNZN,RKRVR,XRXRX,ERNFN,YRYNY,PZPEP,ZYZXZ,RZRVR,XRXRX,KUKFK,RKRKR,ZFZFZ,YZYVY,XPXNX,YRYRY,EPVPV,CRCEC,RFRCR,CPCVC,RXRCR,VNVLV,ZXZXZ,ZCZCZ,PYPUP,YKYPY,YREXY,ZKZKZ,XLXNX,KFKRE,RXRLR,RERXR
J,CYCVC,RXRCR,FPFVF,LZLZL,PLPLP,NPNPN,XZXZX,CNCKC,PCPYJ,VYVYV,RLRLR,CJCJC,ZLZLZ,FZFZF,CFCFC,PZPZP,XEXEX,NVNFN,KYKYK,ZNZVZ,YVJXY,XFXFX,XNXNX,FJFKF,CZCYC,ZXZCZ,RYRYJ,FPFZF,XRXRX,YPYEY,XRXRX,XZXPX,CJCJC,ZXZVZ,VKVKV,VEVNV,ZKZVZ,XVXJX,RXRVR,LRLRL,YNJNY,NPNJN,ZEZEZ,ZNZNZ,YZYZY,XYXYX,ZXZXZ,LYLZL,CYCNC,XEXEX,CVCXC,ZPZXZ,FZFZF,RXRJR,PRPFP,PKPEP,XZXPX,JCZVZ,RXRLR,VZVZV,XJXJX
I,PCPCP,XYXYX,VXVXV,XVXVX,ZRZXZ,FPFZF,ZYZYZ,RVRZR,CICIC,XLXLX,YVYVY,CJCJC,FNFCF,PVPRP,FZFZF,NVIVN,CVCIC,ZXZXZ,FCFZF,IXRXR,ZPZNZ,VZVZV,YRYNY,VNVPV,RVRJR,VRVRV,VIVIV,CXCVC,PZPZP,IXVKV,YJYCY,VYVYV,YVYVY,NVNVN,XYXVX,NJNCN,NXNYN,VXVCV,ZKZKZ,XRXYX,ZCZXZ,KVKYI,CNCNC,RIRIR,VYVXV,FXIRF,PFPFP,VPVPV,ZJZJZ,ZVZNZ,YVYXY,PRPRP,YPYPY,ZIZPZ,NKNXN,RZRXR,RXRXR,ZJZJZ,CVCVI,NKNKN,NRNZN,CNCNC,RFRIR
B,YKYZY,VCVRV,XVXVX,KZKRK,ZVZXZ,RCRNR,CXCRC,VNBCV,CXCVC,RFRFR,XPXRX,RYRBR,ZKZKZ,FIFRF,VZVLV,RPRVR,YBYBY,PYPVP,NININ,RNRNR,NXNVN,RNRNR,FRFVF,YVYFB,ZRZXZ,VNVIV,PXPNP,ZXZPZ,VBVBV,CXCXC,PCPFP,KNKNK,XIXIX,CYCYC,FVFYF,YNYRY,BVPXP,NXNXN,FRFRF,YVYVY,ZKZCZ,VIVXV,PRBRP,YZYBY,CXCVC,FYFYF,VKVXV,ZBZBZ,FPFNF,CXCXC,YCYCY,FPFPF,CVCVB,ZCZCZ,CZCNC,KIKFK,PXPXP,RYRYR,ZRZCZ,RVRVR,XYXNX,BVKVK,CBCBC
W,RKRKR,CVCRC,PKPKP,FPFPF,VRVPV,ZKZYZ,PVPCP,KVKVK,YXYVY,FNFNF,YWYWY,ZYZYZ,PYPYP,XRXRX,PXPXP,FCFBF,FVFVF,CYCZC,XZXVX,PFPFP,RVRLR,ZBZBZ,VCVNV,NWNWN,XNXVX,CXCNC,YVYVW,VFVFV,VFWFV,CVCFC,YBYBY,PYPYP,NKNWN,VNVNV,RVRVR,FVFBF,VZVKV,VPVCV,WYZCZ,PFPFP,PRPRP,NWNWN,VKVCV,WPYPY,VBVBV,ZKZYZ,XYXYX,FZFXF,XKXKX,XPXPX,FWFWF,FNFBF,ZVZYZ,FZFZF,NPNFW,PCPCP,NKNWN
M,VYVNV,KLKNK,NRNRN,VNVFV,XNXNM,CXCVC,KRKZK,NMNFN,ZFZFZ,YPYCY,KCKCK,VNVNV,LXLXL,CLCLC,NYNYN,LCMYL,NCNCN,ZVZRZ,ZVZVZ,PZPVP,PWPNP,KLKCM,XMXMX,PRPXP,CVCYC,PXPMP,ZCZLZ,XWXWX,ZCZLZ,MNCYC,ZXZXZ,YRYNY,ZLZPZ,VZVZV,MXPXP,VWVWV,PYPYP,XPXVX,XLXLX,YMYMY,VYVYV,PWPZP,PYPKP,NPNXN,KVKVK,NVNFN,XNXNX,YZYMY,PFPFP,ZWZWZ,PCPZP,LRLPL,CZCZC,NZNZN,CVCXC,XCXCX,YWYWY,NLNLN,VNVNV,ZMZMZ
S,NZNZN,KVKZK,LZLZL,XLXLX,ZXZXZ,KNKZK,NRNYN,CLCVC,ZCZFZ,NSNSN,VZVZV,NVNCN,VMVMV,CVCXC,ZYZRZ,XNXZX,PXPXP,VCVSV,PRPCP,ZMZMZ,ZFZFZ,FCFCF,YLYZY,KNKVK,SFPCP,RPRPR,XMXMX,KFKFK,VSVSV,YVSVY,VPVPV,XZXZX,KZKXK,RFRPR,NVNVS,ZXZXZ,SRVRV,YCYCY,KMKZK,FZSVF,VYVYV,LVLVL,YFYFY,NXNSN,FNFCF,KVKVK,VZVCV,ZYZMZ,VXVZV,VPVPV,RVRNS,YZYZY,ZSZSZ,FRFRF,ZMZMZ,NZNXN,LSLFL
Q,ZVZPZ,RZRZR,ZFZFZ,RZRZR,PZPXP,VFQPV,ZPZRZ,CYCVC,CPCPC,YZYQY,FVFXF,YNYNQ,ZYZYZ,FRFSF,XNXPX,NXNXN,PVPZP,XVXPX,FXFVF,NSNKN,VXVNV,XZXZX,VQVQV,ZYZPZ,PZPSP,YVYVY,NCNQN,FCFVF,ZFZFZ,NSNSN,YPYFY,ZKZKZ,QZRCR,YPYVY,ZNZNZ,VQVQV,RVRZR,KRKSK,NPNPN,YPYPY,VCVYV,FPFNF,QVXVX,ZVZRZ,LFLFL,VLVLV,KXQXK,YQYQY,YCYCY,PZPYP,LPLFL,VSVSV,VFVYQ,CZCXC,PVPCP,CXCXC,NZNZN,YPYCY,ZQZQZ
T,KFKFK,LZLZL,PFPVP,FRFPF,FZFZF,VTVTV,KYKCK,VPVPV,XQXQX,PZPYP,KXKLK,TCNCN,PZPNP,RCRPR,PZPRT,XFXVX,LTLVL,ZCZPZ,NCNQN,XZXNX,ZPZPZ,CFCFC,VXTRV,CFCVC,PYPYP,FQFYF,CNCFC,PTPTP,ZCZCZ,KZKZK,RLRVR,ZRZKZ,KLKLT,ZQZQZ,VZVZV,RVRZR,ZPZCZ,VYVYV,RVRVR,PTPTP,PXPXP,KCKCK,YVYVY,CYCYC,XCXCX,CYCQC,KCKNK,VPVPV,TXFZF,NYNVN,VQVXV,ZRZRZ,VTVZV,PXPVP,FVFVF,VRVLV,YCYCY,XZTZX,VTVTV
O,VXVLV,KVKCK,VLVLV,ZCZVZ,KFKFK,XKXKX,YXYXY,FVFVF,PVPOP,ZXZYZ,PXPVP,ZTZTZ,CVCKC,CKCKC,NPNPN,ZRZNZ,OZCZC,LFLFL,CXCXC,KPKPK,FRFKF,FOFOF,ZFZFZ,LKLZO,KLKZK,YXYCY,LOLOL,XLXLX,XVXVX,FTFTF,OXNZN,CZCZC,LZLZL,VLVPV,VYVYO,XKXKX,RTRTR,KVKCK,ROROR,PRPRP,LYLVL,PLPLP,CTCTC,XZXYX,NKNKN,VLVZV,YOYOY,PZOZP,FYFYF,ZXZVZ,VKVZV,ZTZTZ,LKLZL,KCKVK,PXPKP,KCOZK,FKFKF,CTCRC,NXNXN,KXKVK,CPCOC
H,VFVNV,YVYVY,XVXVX,NRNXN,PZPKP,HLVLV,CXCZC,LHLYL,YKYFY,YOYRY,ZKZYZ,RZRZR,NFNYN,KVKFK,XFXYX,LKLVL,NLNLN,XCXOX,FXFXF,VHVHV,PVPVP,CRCXC,NXNXN,XRXRX,YFYXY,ZOZOZ,RZRZR,FKFKF,PFPFP,XYXHX,RZRKR,FLFLH,KRKRK,ZVZNZ,ZOZOZ,FZFZF,FHFKF,ZXHLZ,FKFXF,CFCYC,ZXZVZ,KCKOK,ZXZVH,CKCKC,ZXZCZ,YVYVY,RVHVR,ZRZRZ,ZHZHZ,VZVZV,HZVRV,FVFVF,RNRCR,COCOC,VNVXV,XHXHX
G,FZFZF,RPRVR,XCXCX,YXYXY,KZKZK,RYRKR,FYFNF,VKVKV,KPGPK,YNYNY,VYVYV,YCYXY,LKLGL,VXVXV,KCKVK,YKYKY,RHRXR,FVFCF,YXYGY,CLCLC,ZXZCZ,VLVFV,CPCPG,KHKNK,ZKZVZ,YKYLY,CNCNC,PGPGP,VPVPV,FXGRF,CYCVC,FNFNF,KFKCK,ZFZHZ,NXNXN,FNFNF,LXLNG,XKXVX,ZHZHZ,PFPFP,ZYZYZ,XPXVX,YCYCY,RGRGR,VRVRV,PKPNP,XGXGX,GZYVY,VCVNV,VHVHV,LXLNL,GKPKP,XRXPX,XNXNX,KHKNK,RZRZR,CGCFC
A,XRXFX,RXRKR,YRYRY,XPXPX,RPRPR,NCNCN,RXRZR,NANAN,KCKYK,XKXFX,ZLZKZ,VCVZV,XCXVX,LKLZA,NCNCN,YGYGY,VLVLV,XRXRX,KAKPK,YZAZY,CFCFC,VNVLV,KPKVK,NCNRN,FGFGF,RCRYR,KRKCK,CRCRC,XPAPX,LPLXL,CGCVC,FKFZF,CACAC,XCXCX,AXRXR,NKNRN,KNKFK,KAKAK,ZCZRZ,RPRPR,NCNCN,RYRGR,VPVPV,RCRCA,KXKPK,NPNPN,YCYCY,PXPAP,ZCZNZ,KYKGK,ANLPL,CXCPC,YRYRY,LGLGL,VYVLV,KVKVK,RKRKR,VXVXV,XAXAX